season,matches_played,wins,draws,losses,goals_for,goals_against,points,possession,passes_completed,passes_attempted,pass_accuracy,tackles,interceptions,clearances,blocks,shots,shots_on_target,shot_accuracy,goals_per_shot
2020/2021,38,26,7,5,80,50,85,62.33622507638262,19451,22377,88.34056659840375,798,484,446,235,596,271,44.16106792715769,0.15308466953890734
2021/2022,38,26,10,2,80,40,88,63.6731770618764,21144,23947,85.9050913369721,611,578,446,290,626,279,41.70359731931559,0.1713554144298633
2022/2023,38,27,7,4,85,49,88,62.079750557710966,21629,21288,86.19531476416255,775,455,486,299,529,233,38.42252556681103,0.17445861996093323
2023/2024,38,24,8,6,88,46,80,56.00553535695389,19995,23862,86.76871492446251,734,586,485,292,526,215,37.5168250954161,0.120237250752657
2024/2025,38,27,6,5,87,50,87,64.9547301184436,18107,22651,90.83516187845105,620,574,401,254,523,202,38.550117158612906,0.12663474584785275
